speler id,speler naam,positie,club,transferwaarde,actief
226,Cameron Peupion,Aanvaller,ADO Den Haag,1500000,true
230,Dani van Loenen,Aanvaller,ADO Den Haag,1000000,true
231,Daryl van Mieghem,Aanvaller,ADO Den Haag,1500000,true
567,Donát Bárány,Aanvaller,ADO Den Haag,1500000,true
228,Evan Rottier,Aanvaller,ADO Den Haag,1500000,true
225,Jalen Hawkins,Aanvaller,ADO Den Haag,1250000,true
224,Jesse Bal,Aanvaller,ADO Den Haag,1500000,true
227,Luka Reischl,Aanvaller,ADO Den Haag,1500000,true
229,Nigel Thomas,Aanvaller,ADO Den Haag,1250000,true
582,Yannick Eduardo,Aanvaller,ADO Den Haag,1500000,true
213,Caleb Kramer,Keeper,ADO Den Haag,1000000,true
214,Kilian Nikiema,Keeper,ADO Den Haag,1500000,true
566,Niclas Thiede,Keeper,ADO Den Haag,1250000,true
221,Finn de Bruin,Middenvelder,ADO Den Haag,1250000,true
564,Jan Zamburek,Middenvelder,ADO Den Haag,1500000,true
223,Juho Kilo,Middenvelder,ADO Den Haag,1500000,true
222,Mylian Jimenez,Middenvelder,ADO Den Haag,1250000,true
216,Illaijh de Ruijter,Verdediger,ADO Den Haag,1250000,true
563,Lasse Wilhelm,Verdediger,ADO Den Haag,1250000,true
220,Matteo Waem,Verdediger,ADO Den Haag,1500000,true
217,Milan Hokke,Verdediger,ADO Den Haag,1500000,true
218,Pascal Mulder,Verdediger,ADO Den Haag,1500000,true
215,Sanyika Bergtop,Verdediger,ADO Den Haag,1000000,true
219,Sekou Sylla,Verdediger,ADO Den Haag,1500000,true
404,Amourricho van Axel Dongen,Aanvaller,Ajax,1500000,true
401,Don-Angelo Konadu,Aanvaller,Ajax,1750000,true
398,Kasper Dolberg,Aanvaller,Ajax,2500000,true
397,Maher Carrizo,Aanvaller,Ajax,2000000,true
575,Marcos Leonardo,Aanvaller,Ajax,3000000,true
400,Mika Godts,Aanvaller,Ajax,3500000,true
399,Oliver Edvardsen,Aanvaller,Ajax,2000000,true
603,Tolu Arokodare,Aanvaller,Ajax,2500000,true
372,Joeri Heerkens,Keeper,Ajax,1750000,true
373,Maarten Paes,Keeper,Ajax,2000000,true
374,Paul Reverson,Keeper,Ajax,1500000,true
394,Abdellah Ouazane,Middenvelder,Ajax,1500000,true
392,Davy Klaassen,Middenvelder,Ajax,2750000,true
393,Jorthy Mokio,Middenvelder,Ajax,2000000,true
390,Kian Fitz-Jim,Middenvelder,Ajax,2000000,true
388,Mohamed Abdalla,Middenvelder,Ajax,1250000,true
391,Oscar Gloukh,Middenvelder,Ajax,2750000,true
389,Rayane Bounida,Middenvelder,Ajax,2000000,true
396,Steven Berghuis,Middenvelder,Ajax,2500000,true
395,Youri Regeer,Middenvelder,Ajax,2000000,true
377,Aaron Bouwman,Verdediger,Ajax,2500000,true
384,Ahmetcan Kaplan,Verdediger,Ajax,1750000,true
379,Anton Gaaei,Verdediger,Ajax,2500000,true
378,Caio Henrique,Verdediger,Ajax,2500000,true
376,Daley Blind,Verdediger,Ajax,2500000,true
382,Dies Janse,Verdediger,Ajax,2000000,true
386,Josip Sutalo,Verdediger,Ajax,2250000,true
381,Ko Itakura,Verdediger,Ajax,2500000,true
385,Lucas Rosa,Verdediger,Ajax,2250000,true
387,Owen Wijndal,Verdediger,Ajax,2000000,true
375,Youri Baas,Verdediger,Ajax,2750000,true
208,Ayoub Oufkir,Aanvaller,AZ,1750000,true
487,Bendegúz Kovács,Aanvaller,AZ,1250000,true
211,Ibrahim Sadiq,Aanvaller,AZ,1750000,true
205,Isak Jensen,Aanvaller,AZ,2000000,true
204,Jizz Hornkamp,Aanvaller,AZ,2000000,true
206,Mayckel Lahdo,Aanvaller,AZ,1750000,true
207,Mexx Meerdink,Aanvaller,AZ,2500000,true
203,Ro-Zangelo Daal,Aanvaller,AZ,2000000,true
212,Sem van Duijn,Aanvaller,AZ,1750000,true
209,Troy Parrott,Aanvaller,AZ,3250000,true
202,Wassim Bouziane,Aanvaller,AZ,1250000,true
210,Weslley Patati,Aanvaller,AZ,2000000,true
183,Hobie Verhulst,Keeper,AZ,1750000,true
181,Jari De Busser,Keeper,AZ,2250000,true
184,Jeroen Zoet,Keeper,AZ,2000000,true
182,Rome-Jayden Owusu-Oduro,Keeper,AZ,2250000,true
597,Calvin Stengs,Middenvelder,AZ,2250000,true
199,Dave Kwakman,Middenvelder,AZ,1500000,true
197,Jordy Clasie,Middenvelder,AZ,1750000,true
201,Kees Smit,Middenvelder,AZ,2000000,true
194,Lewis Schouten,Middenvelder,AZ,1250000,true
200,Matej Sin,Middenvelder,AZ,1750000,true
198,Peer Koopmeiners,Middenvelder,AZ,2000000,true
193,Alexandre Penetra,Verdediger,AZ,2250000,true
489,Andrea Natali,Verdediger,AZ,1250000,true
195,Billy van Duijl,Verdediger,AZ,1500000,true
191,Denso Kasius,Verdediger,AZ,2250000,true
188,Elijah Dijkstra,Verdediger,AZ,2000000,true
185,Mateo Chávez,Verdediger,AZ,2000000,true
187,Maxim Dekker,Verdediger,AZ,1500000,true
186,Mees de Wit,Verdediger,AZ,2500000,true
190,Rion Ichihara,Verdediger,AZ,1750000,true
595,Sam de Grand,Verdediger,AZ,1750000,true
192,Seiya Maikuma,Verdediger,AZ,2000000,true
189,Wouter Goes,Verdediger,AZ,2250000,true
20,Danyello Look,Aanvaller,Cambuur,1250000,true
19,Fabian Kvam,Aanvaller,Cambuur,1250000,true
17,Ilyes Hamache,Aanvaller,Cambuur,1500000,true
16,Nicolas Binder,Aanvaller,Cambuur,1250000,true
21,Skye Vink,Aanvaller,Cambuur,1500000,true
18,Wiebe Kooistra,Aanvaller,Cambuur,1250000,true
3,Jasper Meijster,Keeper,Cambuur,1000000,true
2,Matthijs Kalisvaart,Keeper,Cambuur,1250000,true
1,Thijs Jansen,Keeper,Cambuur,1500000,true
15,Daan Visser,Middenvelder,Cambuur,1250000,true
11,Ethan Apkakou,Middenvelder,Cambuur,1250000,true
12,Iwan Henstra,Middenvelder,Cambuur,1250000,true
13,Nicky Souren,Middenvelder,Cambuur,1500000,true
9,Rik Mulders,Middenvelder,Cambuur,1500000,true
14,Wiebe van der Heide,Middenvelder,Cambuur,1000000,true
5,Ismaël Baouf,Verdediger,Cambuur,1500000,true
4,Jamal Amofa,Verdediger,Cambuur,1500000,true
6,Jorn Berkhout,Verdediger,Cambuur,1250000,true
8,Lucas Jetten,Verdediger,Cambuur,1250000,true
7,Morgan Costarelli,Verdediger,Cambuur,1250000,true
10,Ryan van de Pavert,Verdediger,Cambuur,1250000,true
40,David Garden,Aanvaller,Excelsior,1250000,true
39,Gyan de Regt,Aanvaller,Excelsior,1500000,true
41,Nesto Groen,Aanvaller,Excelsior,1000000,true
574,Celton Biai,Keeper,Excelsior,1250000,true
24,Stijn van Gassel,Keeper,Excelsior,1750000,true
22,Tijmen Holla,Keeper,Excelsior,1000000,true
37,Daniël van Vianen,Middenvelder,Excelsior,1250000,true
560,Ilano Silva Timas,Middenvelder,Excelsior,1500000,true
38,Irakli Yegoian,Middenvelder,Excelsior,1750000,true
34,Lennard Hartjes,Middenvelder,Excelsior,1250000,true
36,Mathijs Tielemans,Middenvelder,Excelsior,1250000,true
551,Noa El Hamdaoui,Middenvelder,Excelsior,1250000,true
35,Noah Naujoks,Middenvelder,Excelsior,1750000,true
598,Valentin Sulzbacher,Middenvelder,Excelsior,1250000,true
33,Yacqub Finey,Middenvelder,Excelsior,1500000,true
31,Casper Widell,Verdediger,Excelsior,1500000,true
591,Guilliano Cairo,Verdediger,Excelsior,1000000,true
559,Jan Plug,Verdediger,Excelsior,1500000,true
25,Kasey Bos,Verdediger,Excelsior,1500000,true
30,Marlon van de Wetering,Verdediger,Excelsior,1000000,true
28,Nolan Martens,Verdediger,Excelsior,1250000,true
602,Osman Turay,Verdediger,Excelsior,1250000,true
29,Rick Meissen,Verdediger,Excelsior,1500000,true
27,Simon Janssen,Verdediger,Excelsior,1250000,true
26,Stan Henderikx,Verdediger,Excelsior,1250000,true
289,Anis Hadj Moussa,Aanvaller,Feyenoord,3000000,true
293,Ayase Ueda,Aanvaller,Feyenoord,4000000,true
291,Aymen Sliti,Aanvaller,Feyenoord,1750000,true
292,Casper Tengstedt,Aanvaller,Feyenoord,2250000,true
287,Gaoussou Diarra,Aanvaller,Feyenoord,2000000,true
285,Gonçalo Borges,Aanvaller,Feyenoord,2000000,true
273,Luka Ivanušec,Aanvaller,Feyenoord,1500000,true
288,Nacho Ferri,Aanvaller,Feyenoord,2500000,true
294,Shaqueel van Persie,Aanvaller,Feyenoord,2000000,true
286,Stéphano Carrillo,Aanvaller,Feyenoord,1500000,true
256,Liam Bossin,Keeper,Feyenoord,1250000,true
255,Mannou Berger,Keeper,Feyenoord,1250000,true
565,Tjark Ernst,Keeper,Feyenoord,3000000,true
282,Charles Vanhoutte,Middenvelder,Feyenoord,1750000,true
283,Gjivai Zechiël,Middenvelder,Feyenoord,2000000,true
275,Jakub Moder,Middenvelder,Feyenoord,2000000,true
280,Luciano Valente,Middenvelder,Feyenoord,2750000,true
279,Oussama Targhalline,Middenvelder,Feyenoord,2250000,true
276,Sem Steijn,Middenvelder,Feyenoord,3000000,true
274,Thijs Kraaijeveld,Middenvelder,Feyenoord,1750000,true
281,Tobias van den Elshout,Middenvelder,Feyenoord,1750000,true
258,Anel Ahmedhodzic,Verdediger,Feyenoord,2500000,true
266,Bart Nieuwkoop,Verdediger,Feyenoord,2000000,true
269,Gijs Smal,Verdediger,Feyenoord,2000000,true
268,Givairo Read,Verdediger,Feyenoord,2750000,true
270,Jeremiah St. Juste,Verdediger,Feyenoord,2000000,true
260,Jordan Bos,Verdediger,Feyenoord,3250000,true
264,Jordan Lotomba,Verdediger,Feyenoord,2000000,true
261,Mats Deijl,Verdediger,Feyenoord,2250000,true
265,Mika Mármol,Verdediger,Feyenoord,2500000,true
580,Neraysho Kasanwirjo,Verdediger,Feyenoord,1500000,true
259,Thomas Beelen,Verdediger,Feyenoord,1750000,true
271,Tsuyoshi Watanabe,Verdediger,Feyenoord,2750000,true
585,Anthony Descotte,Aanvaller,Fortuna,1750000,true
178,Kristoffer Peterson,Aanvaller,Fortuna,1750000,true
180,Lequincio Zeefuik,Aanvaller,Fortuna,1750000,true
179,Ole Romeny,Aanvaller,Fortuna,1500000,true
166,Luuk Koopmans,Keeper,Fortuna,1500000,true
165,Mattijs Branderhorst,Keeper,Fortuna,1750000,true
164,Ramazan Bayram,Keeper,Fortuna,1000000,true
174,Mohamed Ihattaren,Middenvelder,Fortuna,2000000,true
531,Moussa Gbemou,Middenvelder,Fortuna,1000000,true
568,Nick de Groot,Middenvelder,Fortuna,1250000,true
172,Philip Brittijn,Middenvelder,Fortuna,1500000,true
569,Shiloh 't Zand,Middenvelder,Fortuna,1500000,true
177,Sven Simons,Middenvelder,Fortuna,1250000,true
176,Yassin Oukili,Middenvelder,Fortuna,1500000,true
175,Édouard Michut,Middenvelder,Fortuna,1500000,true
169,Ivo Pinto,Verdediger,Fortuna,1750000,true
168,Iván Márquez,Verdediger,Fortuna,1750000,true
173,Jasper Dahlhaus,Verdediger,Fortuna,1500000,true
167,Justin Hubner,Verdediger,Fortuna,1500000,true
171,Siebe Wylin,Verdediger,Fortuna,1250000,true
170,Syb van Ottele,Verdediger,Fortuna,1500000,true
98,Dani Tijman,Aanvaller,Go Ahead,1000000,true
110,Erik Flataker,Aanvaller,Go Ahead,1750000,true
114,Mathis Suray,Aanvaller,Go Ahead,2250000,true
108,Ofosu Boakye,Aanvaller,Go Ahead,1000000,true
113,Oskar Sivertsen,Aanvaller,Go Ahead,1250000,true
111,Richonell Margaret,Aanvaller,Go Ahead,1500000,true
112,Stefán Ingi Sigurdarson,Aanvaller,Go Ahead,1750000,true
104,Søren Tengstedt,Aanvaller,Go Ahead,1750000,true
107,Thibo Baeten,Aanvaller,Go Ahead,1500000,true
109,Victor Edvardsen,Aanvaller,Go Ahead,2000000,true
88,Kjetil Haug,Keeper,Go Ahead,1500000,true
90,Nando Verdoni,Keeper,Go Ahead,1000000,true
89,Nick Marsman,Keeper,Go Ahead,1500000,true
105,Calvin Twigt,Middenvelder,Go Ahead,1500000,true
101,Evert Linthorst,Middenvelder,Go Ahead,1500000,true
102,Melle Meulensteen,Middenvelder,Go Ahead,1750000,true
106,Robbin Weijenberg,Middenvelder,Go Ahead,1250000,true
103,Yassir Salah Rahmouni,Middenvelder,Go Ahead,1250000,true
97,Alfons Sampsted,Verdediger,Go Ahead,1750000,true
93,Dean James,Verdediger,Go Ahead,1750000,true
100,Eus Waayers,Verdediger,Go Ahead,1250000,true
95,Gerrit Nauber,Verdediger,Go Ahead,1750000,true
99,Giovanni van Zwam,Verdediger,Go Ahead,1500000,true
94,Joris Kramer,Verdediger,Go Ahead,2000000,true
91,Julius Dirksen,Verdediger,Go Ahead,1500000,true
96,Pim Saathof,Verdediger,Go Ahead,1000000,true
92,Tomas Galvez,Verdediger,Go Ahead,1500000,true
317,Brynjólfur Willumsson,Aanvaller,Groningen,1750000,true
312,Nils Eggens,Aanvaller,Groningen,1250000,true
313,Noam Emeran,Aanvaller,Groningen,1250000,true
318,Oskar Zawada,Aanvaller,Groningen,1500000,true
315,Ryan Metu,Aanvaller,Groningen,1250000,true
316,Thom van Bergen,Aanvaller,Groningen,2250000,true
297,Etienne Vaessen,Keeper,Groningen,2250000,true
296,Lovro Stubljar,Keeper,Groningen,1250000,true
295,Rijk Janse,Keeper,Groningen,1000000,true
311,David van der Werff,Middenvelder,Groningen,1750000,true
310,Jorg Schreuders,Middenvelder,Groningen,1750000,true
304,Pelle Clement,Middenvelder,Groningen,1750000,true
309,Stije Resink,Middenvelder,Groningen,1750000,true
305,Tika de Jonge,Middenvelder,Groningen,1750000,true
306,Travis Hernes,Middenvelder,Groningen,1250000,true
308,Tygo Land,Middenvelder,Groningen,1750000,true
303,Elvis van der Laan,Verdediger,Groningen,1000000,true
604,Malcolm Jeng,Verdediger,Groningen,1750000,true
302,Marco Rente,Verdediger,Groningen,2250000,true
594,Nikolas Brandis,Verdediger,Groningen,1750000,true
299,Sven Bouland,Verdediger,Groningen,1000000,true
298,Thijmen Blokzijl,Verdediger,Groningen,2000000,true
300,Tyrique Mercera,Verdediger,Groningen,1500000,true
301,Wouter Prins,Verdediger,Groningen,1750000,true
427,Dylan Vente,Aanvaller,Heerenveen,2000000,true
426,Jacob Trenskow,Aanvaller,Heerenveen,2250000,true
424,Jermaine Rijssel,Aanvaller,Heerenveen,1000000,true
601,Lanroy Machine,Aanvaller,Heerenveen,1750000,true
425,Maxence Rivera,Aanvaller,Heerenveen,1750000,true
406,Andries Noppert,Keeper,Heerenveen,1750000,true
405,Bernt Klaverboer,Keeper,Heerenveen,2000000,true
600,Dirk Proper,Middenvelder,Heerenveen,1750000,true
421,Levi Smans,Middenvelder,Heerenveen,1500000,true
420,Luca Oyen,Middenvelder,Heerenveen,1500000,true
416,Luuk Brouwers,Middenvelder,Heerenveen,2000000,true
418,Marcus Linday,Middenvelder,Heerenveen,1500000,true
417,Nolhan Courtens,Middenvelder,Heerenveen,1250000,true
419,Ringo Meerveld,Middenvelder,Heerenveen,2250000,true
407,Darling Bladi,Verdediger,Heerenveen,1500000,true
412,Hristiyan Petrov,Verdediger,Heerenveen,1500000,true
413,Maas Willemsen,Verdediger,Heerenveen,1750000,true
409,Mats Egbring,Verdediger,Heerenveen,1250000,true
410,Nikolai Hopland,Verdediger,Heerenveen,1500000,true
408,Oliver Braude,Verdediger,Heerenveen,1750000,true
411,Sam Kersten,Verdediger,Heerenveen,1750000,true
414,Vasilios Zagaritis,Verdediger,Heerenveen,2000000,true
66,Bryan Linssen,Aanvaller,NEC,2500000,true
587,Clement Bischoff,Aanvaller,NEC,2000000,true
596,Dušan Tadic,Aanvaller,NEC,2500000,true
577,Emre Mor,Aanvaller,NEC,2250000,true
68,Kaj Sierhuis,Aanvaller,NEC,2000000,true
65,Kevin Kers,Aanvaller,NEC,1000000,true
67,Koki Ogawa,Aanvaller,NEC,2250000,true
62,Vito van Crooij,Aanvaller,NEC,1750000,true
44,Freek Entius,Keeper,NEC,1000000,true
43,Gonzalo Crettaz,Keeper,NEC,2250000,true
61,Adam Tahaui,Middenvelder,NEC,1750000,true
57,Darko Nejašmic,Middenvelder,NEC,1750000,true
55,Isak Hansen-Aarøen,Middenvelder,NEC,1500000,true
561,Jamiro Monteiro,Middenvelder,NEC,1750000,true
60,Kodai Sano,Middenvelder,NEC,2250000,true
63,Merijn van de Wiel,Middenvelder,NEC,1000000,true
56,Noé Lebreton,Middenvelder,NEC,2250000,true
54,Sam de Laat,Middenvelder,NEC,1250000,true
58,Sami Ouaissa,Middenvelder,NEC,2500000,true
53,Tjaronn Chery,Middenvelder,NEC,2750000,true
64,Willum Thór Willumsson,Middenvelder,NEC,2000000,true
50,Yousri Sbai,Middenvelder,NEC,1000000,true
46,Bram Nuytinck,Verdediger,NEC,1750000,true
48,Brayann Pereira,Verdediger,NEC,2000000,true
45,Deveron Fonville,Verdediger,NEC,2000000,true
51,Perr Schuurs,Verdediger,NEC,2000000,true
49,Philippe Sandler,Verdediger,NEC,2000000,true
47,Thomas Ouwejan,Verdediger,NEC,2000000,true
52,Tobias Storm,Verdediger,NEC,1750000,true
369,Dylan Mbayo,Aanvaller,PEC,1500000,true
371,Elias Sørensen,Aanvaller,PEC,1750000,true
586,Ibrahim Cissoko,Aanvaller,PEC,1750000,true
368,Koen Kostons,Aanvaller,PEC,2250000,true
370,Younes Namli,Aanvaller,PEC,2000000,true
353,Duke Verduin,Keeper,PEC,1000000,true
352,Jasper Schendelaar,Keeper,PEC,1750000,true
351,Tom de Graaff,Keeper,PEC,1750000,true
364,Gabriël Reiziger,Middenvelder,PEC,1250000,true
363,Givaro Rahajaän,Middenvelder,PEC,1000000,true
362,Jadiel Pereira da Gama,Middenvelder,PEC,1250000,true
360,Nick Fichtinger,Middenvelder,PEC,1500000,true
367,Odysseus Velanas,Middenvelder,PEC,1750000,true
366,Ryan Thomas,Middenvelder,PEC,1500000,true
361,Thijs Oosting,Middenvelder,PEC,2000000,true
365,Tobias Sommer,Middenvelder,PEC,1500000,true
357,Damian van der Haar,Verdediger,PEC,1500000,true
359,Nick Viergever,Verdediger,PEC,1750000,true
354,Olivier Aertssen,Verdediger,PEC,1500000,true
355,Sherel Floranus,Verdediger,PEC,1750000,true
356,Simon Graves,Verdediger,PEC,1500000,true
358,Tijs Velthuis,Verdediger,PEC,1250000,true
162,Alassane Pléa,Aanvaller,PSV,2500000,true
158,Couhaib Driouech,Aanvaller,PSV,2250000,true
159,Dennis Man,Aanvaller,PSV,3000000,true
157,Esmir Bajraktarevic,Aanvaller,PSV,2250000,true
161,Ivan Perišic,Aanvaller,PSV,3750000,true
160,Ricardo Pepi,Aanvaller,PSV,3750000,true
163,Ruben van Bommel,Aanvaller,PSV,3250000,true
137,Joël Drommel,Keeper,PSV,2000000,true
138,Matej Kovár,Keeper,PSV,3000000,true
139,Nick Olij,Keeper,PSV,2000000,true
140,Tijn Smolenaars,Keeper,PSV,1000000,true
153,Guus Til,Middenvelder,PSV,4000000,true
149,Isaac Babadi,Middenvelder,PSV,1750000,true
152,Jerdy Schouten,Middenvelder,PSV,2500000,true
155,Joey Veerman,Middenvelder,PSV,3500000,true
154,Joël van den Berg,Middenvelder,PSV,1250000,true
150,Noah Fernandez,Middenvelder,PSV,1750000,true
156,Paul Wanner,Middenvelder,PSV,2750000,true
151,Sven Mijnans,Middenvelder,PSV,3750000,true
146,Adamo Nagalo,Verdediger,PSV,1750000,true
147,Armando Obispo,Verdediger,PSV,2500000,true
145,Fabian Merién,Verdediger,PSV,1000000,true
148,Kiliann Sildillia,Verdediger,PSV,2500000,true
144,Mauro Júnior,Verdediger,PSV,3000000,true
142,Ryan Flamingo,Verdediger,PSV,3000000,true
141,Sergiño Dest,Verdediger,PSV,3250000,true
143,Yarek Gasiorowski,Verdediger,PSV,3000000,true
251,Casper Terho,Aanvaller,Sparta,1250000,true
242,Giannino Vianello,Aanvaller,Sparta,1250000,true
249,Joel Ideho,Aanvaller,Sparta,1500000,true
254,Milan Zonneveld,Aanvaller,Sparta,1750000,true
253,Mitchell van Bergen,Aanvaller,Sparta,2000000,true
252,Nökkvi Thórisson,Aanvaller,Sparta,1250000,true
232,Filip Bednarek,Keeper,Sparta,1500000,true
233,Pascal Kuiper,Keeper,Sparta,1250000,true
246,Alwande Roaldsøy,Middenvelder,Sparta,1250000,true
247,Ayoni Santos,Middenvelder,Sparta,1500000,true
248,Jens Toornstra,Middenvelder,Sparta,1750000,true
244,Julian Baas,Middenvelder,Sparta,1500000,true
605,Robin van Cruijsen,Middenvelder,Sparta,1750000,true
250,Shunsuke Mito,Middenvelder,Sparta,2000000,true
245,Younes Jaber el Meftahi,Middenvelder,Sparta,1000000,true
236,Bas Kuipers,Verdediger,Sparta,1750000,true
240,Boyd Reith,Verdediger,Sparta,1250000,true
238,Bruno Martins Indi,Verdediger,Sparta,1750000,true
237,Lushendry Martes,Verdediger,Sparta,1000000,true
243,Marvin Young,Verdediger,Sparta,1750000,true
234,Max de Ligt,Verdediger,Sparta,1000000,true
241,Nick Verschuren,Verdediger,Sparta,1500000,true
239,Teo Quintero,Verdediger,Sparta,1750000,true
583,Emirhan Demircan,Aanvaller,Telstar,1500000,true
590,Fabiano Rust,Aanvaller,Telstar,1000000,true
83,Jelani Seedorf,Aanvaller,Telstar,1250000,true
87,Kay Tejan,Aanvaller,Telstar,1500000,true
85,Patrick Brouwer,Aanvaller,Telstar,1750000,true
562,Rui Mendes,Aanvaller,Telstar,1500000,true
86,Soufiane Hetli,Aanvaller,Telstar,1500000,true
71,Daan Reiziger,Keeper,Telstar,1250000,true
69,Ronald Koeman,Keeper,Telstar,1750000,true
589,Isaiah Ahmed,Middenvelder,Telstar,1250000,true
82,Nils Rossen,Middenvelder,Telstar,1500000,true
84,Noach Shenkman,Middenvelder,Telstar,1000000,true
80,Rojendro Oudsten,Middenvelder,Telstar,1250000,true
81,Tyrone Owusu,Middenvelder,Telstar,1250000,true
79,Abdelnour Soualhia,Verdediger,Telstar,1250000,true
73,Abdelraffie Benzzine,Verdediger,Telstar,1000000,true
72,Gerald Alders,Verdediger,Telstar,1500000,true
74,Jeff Hardeveld,Verdediger,Telstar,2000000,true
78,Marvin Peersman,Verdediger,Telstar,1750000,true
76,Nigel Ogidi Nwankwo,Verdediger,Telstar,1250000,true
588,Prince Aning,Verdediger,Telstar,1250000,true
77,Yamano Olfers,Verdediger,Telstar,1000000,true
455,Daan Rots,Aanvaller,Twente,2500000,true
458,Lucas Vennegoor of Hesselink,Aanvaller,Twente,1250000,true
454,Marko Pjaca,Aanvaller,Twente,2000000,true
457,Naci Ünüvar,Aanvaller,Twente,1750000,true
452,Sam Lammers,Aanvaller,Twente,2750000,true
447,Sayfallah Ltaief,Aanvaller,Twente,1750000,true
453,Sondre Ørjasæter,Aanvaller,Twente,2250000,true
459,Wout Weghorst,Aanvaller,Twente,2750000,true
428,Issam El Maach,Keeper,Twente,1250000,true
431,Lars Unnerstall,Keeper,Twente,2500000,true
430,Remko Pasveer,Keeper,Twente,1750000,true
429,Yannick Gerritsen,Keeper,Twente,1000000,true
449,Arno Verschueren,Middenvelder,Twente,1750000,true
450,Daouda Weidmann,Middenvelder,Twente,1750000,true
444,Gijs Besselink,Middenvelder,Twente,1250000,true
445,Kristian Hlynsson,Middenvelder,Twente,2750000,true
446,Mathias Kjølø,Middenvelder,Twente,1750000,true
578,Ramiz Zerrouki,Middenvelder,Twente,2000000,true
451,Taylor Booth,Middenvelder,Twente,1750000,true
448,Thomas van den Belt,Middenvelder,Twente,2000000,true
456,Younes Taha,Middenvelder,Twente,2000000,true
432,Aske Adelgaard,Verdediger,Twente,1500000,true
443,Bart van Rooij,Verdediger,Twente,2500000,true
442,Björn Titulaer,Verdediger,Twente,1000000,true
440,Guilherme Peixoto,Verdediger,Twente,1250000,true
438,Juliën Mesbahi,Verdediger,Twente,1000000,true
436,Krzysztof Kurowski,Verdediger,Twente,1250000,true
433,Max Bruns,Verdediger,Twente,1750000,true
434,Mees Hilgers,Verdediger,Twente,2000000,true
441,Robin Pröpper,Verdediger,Twente,2000000,true
439,Ruud Nijstad,Verdediger,Twente,2000000,true
437,Stav Lemkin,Verdediger,Twente,1750000,true
342,Adrian Blake,Aanvaller,Utrecht,1750000,true
350,Artem Stepanov,Aanvaller,Utrecht,2250000,true
347,David Min,Aanvaller,Utrecht,1750000,true
344,Emmanuel Chigozie Owen,Aanvaller,Utrecht,1250000,true
346,Miliano Jonathans,Aanvaller,Utrecht,1500000,true
348,Noah Ohio,Aanvaller,Utrecht,1500000,true
343,Yoann Cathline,Aanvaller,Utrecht,2000000,true
341,Ángel Alarcón,Aanvaller,Utrecht,2250000,true
321,Kevin Gadellaa,Keeper,Utrecht,1000000,true
320,Michael Brouwer,Keeper,Utrecht,1500000,true
319,Vasilis Barkas,Keeper,Utrecht,2500000,true
335,Alonzo Engwanda,Middenvelder,Utrecht,1750000,true
333,Dani de Wit,Middenvelder,Utrecht,2250000,true
339,Davy van den Berg,Middenvelder,Utrecht,1750000,true
340,Jaygo van Ommeren,Middenvelder,Utrecht,1250000,true
579,Joris van Overeem,Middenvelder,Utrecht,2000000,true
332,Oualid Agougil,Middenvelder,Utrecht,1250000,true
334,Rafik El Arguioui,Middenvelder,Utrecht,1250000,true
337,Victor Jensen,Middenvelder,Utrecht,2250000,true
336,Zidane Iqbal,Middenvelder,Utrecht,1500000,true
331,Arthur Zagré,Verdediger,Utrecht,1750000,true
322,Emeka Adiele,Verdediger,Utrecht,1250000,true
328,Ferdinand Pohl,Verdediger,Utrecht,1250000,true
326,Guus Offerhaus,Verdediger,Utrecht,1750000,true
329,Jamie Schuldes,Verdediger,Utrecht,1250000,true
338,Kevin Paredes,Verdediger,Utrecht,1750000,true
323,Matisse Didden,Verdediger,Utrecht,1750000,true
324,Mike Eerdhuijzen,Verdediger,Utrecht,1500000,true
327,Neville Ogidi Nwankwo,Verdediger,Utrecht,1500000,true
330,Niklas Vesterlund,Verdediger,Utrecht,1750000,true
325,Siebe Horemans,Verdediger,Utrecht,2000000,true
133,Armin Culum,Aanvaller,Willem II,1500000,true
134,Devin Haen,Aanvaller,Willem II,1750000,true
584,Eser Gürbüz,Aanvaller,Willem II,1500000,true
135,Jaden Slory,Aanvaller,Willem II,1500000,true
131,Lasse Abildgaard,Aanvaller,Willem II,1250000,true
136,Thomas Verheydt,Aanvaller,Willem II,1500000,true
115,Karst de Leeuw,Keeper,Willem II,1000000,true
116,Thomas Didillon-Hödl,Keeper,Willem II,1500000,true
117,Wouter van der Steen,Keeper,Willem II,1250000,true
126,Amine Lachkar,Middenvelder,Willem II,1250000,true
130,Anass Zarrouk,Middenvelder,Willem II,1250000,true
128,Jari Schuurman,Middenvelder,Willem II,1250000,true
593,Kasper Boogaard,Middenvelder,Willem II,1500000,true
125,Per van Loon,Middenvelder,Willem II,1000000,true
129,Uriël van Aalst,Middenvelder,Willem II,1500000,true
118,Alessandro Ciranni,Verdediger,Willem II,1250000,true
119,Amine Et-Taïbi,Verdediger,Willem II,1250000,true
123,Finn Stam,Verdediger,Willem II,1250000,true
599,Hidde ter Avest,Verdediger,Willem II,1500000,true
121,Jens Mathijsen,Verdediger,Willem II,1000000,true
120,Justin Hoogma,Verdediger,Willem II,1500000,true
122,Kayen Scheepens,Verdediger,Willem II,1250000,true
592,Mats Lemmens,Verdediger,Willem II,1250000,true
124,Nathan Tjoe-a-on,Verdediger,Willem II,1500000,true
